"","CODE","PROVINCE","CANTON","DISTRICT","Condition","N","n","Prevalence","Unemployment","Urban Population","Critical Deprivation","Population under 14","Single mother homes","Occupants per home","Schooling years"
"1","7043","LIMON","TALAMANCA","CAHUITA","Overweight","783","153.00","0.20","4.74","28.69","48.33","31.44","20.17","3.22","8.2924528"
"2","7042","LIMON","TALAMANCA","SIXAOLA","Overweight","1142","267.00","0.23","2.57","38.68","56.99","37.28","13.93","3.98","6.4457143"
"3","7044","LIMON","TALAMANCA","TELIRE","Overweight","432","87.00","0.20","1.96","7.76","73.80","37.52","15.32","4.32","5.5616"
"4","7012","LIMON","LIMON","VALLE DE LA ESTRELLA","Overweight","2225","317.00","0.14","3.76","10.12","70.22","36.69","14.74","3.91","5.6467991"
"5","7041","LIMON","TALAMANCA","BRATSI","Overweight","1066","239.00","0.22","1.85","12.09","47.70","35.01","21.80","3.65","6.8007598"
"6","7052","LIMON","MATINA","BATAN","Overweight","1654","283.00","0.17","4.89","54.23","43.29","31.41","18.75","3.48","7.3119842"
"7","7011","LIMON","LIMON","LIMON","Overweight","6102","1,152.00","0.19","5.30","98.32","24.75","28.34","28.19","3.34","9.4084251"
"8","6073","PUNTARENAS","GOLFITO","GUAYCARA","Overweight","1098","218.00","0.20","2.95","54.96","39.10","27.97","20.50","3.35","7.8631852"
"9","7051","LIMON","MATINA","MATINA","Overweight","816","147.00","0.18","5.34","47.63","48.93","32.40","17.30","3.61","6.5321345"
"10","30512","CARTAGO","TURRIALBA","CHIRRIPO","Overweight","668","74.00","0.11","4.09","0.00","90.07","45.09","15.56","5.13","3.7805944"
"11","7013","LIMON","LIMON","RIO BLANCO","Overweight","878","132.00","0.15","5.88","51.57","37.89","32.39","20.87","3.66","7.4296407"
"12","7014","LIMON","LIMON","MATAMA","Overweight","837","134.00","0.16","4.59","14.59","42.17","32.15","17.89","3.44","7.2531172"
"13","7053","LIMON","MATINA","CARRANDI","Overweight","1153","203.00","0.18","3.02","48.76","46.49","31.76","14.10","3.45","6.5619551"
"14","7032","LIMON","SIQUIRRES","PACUARITO","Overweight","618","108.00","0.17","3.37","41.18","57.42","30.60","11.08","3.56","6.5283422"
"15","7026","LIMON","POCOCI","COLORADO","Overweight","313","66.00","0.21","2.07","22.74","46.94","31.17","13.50","3.17","6.5289796"
"16","7031","LIMON","SIQUIRRES","SIQUIRRES","Overweight","3116","568.00","0.18","3.76","66.07","32.16","29.10","21.10","3.39","7.5318547"
"17","6038","PUNTARENAS","BUENOS AIRES","BIOLLEY","Overweight","250","45.00","0.18","1.20","0.00","56.12","31.12","14.29","3.58","6.2362301"
"18","6085","PUNTARENAS","COTO BRUS","PITTIER","Overweight","290","58.00","0.20","1.66","0.00","47.15","31.65","9.59","3.57","5.7394767"
"19","6083","PUNTARENAS","COTO BRUS","AGUABUENA","Overweight","643","112.00","0.17","3.70","20.47","34.99","28.56","17.82","3.44","7.4633289"
"20","6102","PUNTARENAS","CORREDORES","LA CUESTA","Overweight","357","78.00","0.22","1.83","49.21","37.45","28.44","23.37","3.39","8.2204111"
"21","6074","PUNTARENAS","GOLFITO","PAVON","Overweight","673","170.00","0.25","2.18","10.23","54.21","32.15","13.95","3.62","6.3672544"
"22","6103","PUNTARENAS","CORREDORES","CANOAS","Overweight","1113","221.00","0.20","2.32","61.87","32.42","30.83","24.75","3.53","7.7803884"
"23","6104","PUNTARENAS","CORREDORES","LAUREL","Overweight","749","137.00","0.18","1.59","14.32","41.12","29.59","16.18","3.50","6.5804285"
"24","6053","PUNTARENAS","OSA","SIERPE","Overweight","250","45.00","0.18","2.41","19.57","61.36","27.02","14.22","3.12","6.1814921"
"25","6071","PUNTARENAS","GOLFITO","GOLFITO","Overweight","735","133.00","0.18","4.79","67.33","36.74","26.42","25.71","3.28","8.3408773"
"26","6072","PUNTARENAS","GOLFITO","PUERTO JIMENEZ","Overweight","1015","168.00","0.17","4.08","34.54","36.98","28.80","19.25","3.09","7.0199601"
"27","6055","PUNTARENAS","OSA","PIEDRAS BLANCAS","Overweight","486","76.00","0.16","3.50","13.77","53.26","26.78","17.02","3.36","6.383515"
"28","6039","PUNTARENAS","BUENOS AIRES","BRUNKA","Overweight","293","63.00","0.22","6.60","40.16","50.17","32.95","19.03","3.71","5.8748833"
"29","6031","PUNTARENAS","BUENOS AIRES","BUENOS AIRES","Overweight","2065","371.00","0.18","3.14","66.61","37.52","32.11","23.75","3.63","7.3692601"
"30","6052","PUNTARENAS","OSA","PALMAR","Overweight","680","114.00","0.17","3.39","50.02","36.77","27.19","22.82","3.38","7.585318"
"31","6051","PUNTARENAS","OSA","PUERTO CORTES","Overweight","690","127.00","0.18","2.81","58.94","30.75","26.79","23.74","3.22","8.0099111"
"32","1197","SAN JOSE","PEREZ ZELEDON","PEJIBAYE","Overweight","639","105.00","0.16","1.22","13.17","48.70","28.09","16.53","3.57","6.3256625"
"33","6036","PUNTARENAS","BUENOS AIRES","COLINAS","Overweight","81","17.00","0.21","0.19","0.00","72.54","28.30","10.33","3.45","5.7735426"
"34","6032","PUNTARENAS","BUENOS AIRES","VOLCAN","Overweight","236","36.00","0.15","4.44","16.12","45.27","29.07","15.70","3.49","6.3756695"
"35","6035","PUNTARENAS","BUENOS AIRES","PILAS","Overweight","130","24.00","0.18","0.20","0.00","81.46","32.25","8.22","3.89","5.7485605"
"36","1196","SAN JOSE","PEREZ ZELEDON","PLATANARES","Overweight","704","123.00","0.17","2.09","0.00","45.72","28.15","17.24","3.63","6.7641905"
"37","1193","SAN JOSE","PEREZ ZELEDON","DANIEL FLORES","Overweight","2670","460.00","0.17","3.65","85.56","24.94","26.75","26.36","3.40","8.2967024"
"38","1192","SAN JOSE","PEREZ ZELEDON","EL GENERAL","Overweight","604","129.00","0.21","3.92","0.00","24.25","27.02","19.89","3.47","7.77597"
"39","1198","SAN JOSE","PEREZ ZELEDON","CAJON","Overweight","1097","197.00","0.18","4.91","19.77","33.72","29.68","18.58","3.58","6.6031644"
"40","1195","SAN JOSE","PEREZ ZELEDON","SAN PEDRO","Overweight","873","126.00","0.14","3.38","0.00","43.60","30.60","17.20","3.58","6.1848297"
"41","3052","CARTAGO","TURRIALBA","LA SUIZA","Overweight","623","119.00","0.19","4.23","65.84","26.07","23.15","20.72","3.36","7.4683075"
"42","1194","SAN JOSE","PEREZ ZELEDON","RIVAS","Overweight","507","86.00","0.17","2.74","0.00","45.74","26.38","16.08","3.58","7.1042092"
"43","3057","CARTAGO","TURRIALBA","TUIS","Overweight","185","30.00","0.16","3.20","37.50","28.34","24.00","17.35","3.21","7.0419385"
"44","7033","LIMON","SIQUIRRES","FLORIDA","Overweight","142","20.00","0.14","3.54","37.09","40.50","25.96","13.71","3.40","6.8455497"
"45","30510","CARTAGO","TURRIALBA","TRES EQUIS","Overweight","198","35.00","0.18","1.16","38.55","33.88","26.05","18.50","3.31","6.4255319"
"46","3043","CARTAGO","JIMENEZ","PEJIBAYE","Overweight","287","52.00","0.18","2.74","23.57","23.93","23.39","18.91","3.47","7.1366906"
"47","3054","CARTAGO","TURRIALBA","SANTA CRUZ","Overweight","298","64.00","0.21","2.44","0.00","41.37","24.00","15.80","3.33","7.2047377"
"48","3051","CARTAGO","TURRIALBA","TURRIALBA","Overweight","2391","531.00","0.22","2.74","74.36","16.95","21.43","25.96","3.19","9.3056013"
"49","30511","CARTAGO","TURRIALBA","LA ISABEL","Overweight","","","","3.63","85.02","25.93","24.62","25.48","3.42","7.470786"
"50","3055","CARTAGO","TURRIALBA","SANTA TERESITA","Overweight","415","89.00","0.21","2.78","7.97","32.54","24.77","16.98","3.24","6.4350721"
"51","3053","CARTAGO","TURRIALBA","PERALTA","Overweight","38","8.00","0.21","2.27","0.00","42.31","25.05","11.54","3.28","5.6144578"
"52","3056","CARTAGO","TURRIALBA","PAVONES","Overweight","318","58.00","0.18","3.47","63.08","30.82","23.71","18.60","3.37","6.9650181"
"53","3012","CARTAGO","CARTAGO","OCCIDENTAL","Overweight","906","186.00","0.21","2.57","100.00","10.73","15.53","29.86","3.39","11.410593"
"54","3042","CARTAGO","JIMENEZ","TUCURRIQUE","Overweight","458","90.00","0.20","3.49","47.72","28.70","27.16","19.61","3.44","7.0913677"
"55","3072","CARTAGO","OREAMUNO","COT","Overweight","903","182.00","0.20","2.26","82.66","29.53","28.84","21.26","4.44","7.13797"
"56","3036","CARTAGO","LA UNION","DULCE NOMBRE","Overweight","805","167.00","0.21","3.85","97.44","24.24","28.24","24.49","3.89","7.9668583"
"57","3073","CARTAGO","OREAMUNO","POTRERO CERRADO","Overweight","160","37.00","0.23","0.81","64.31","32.50","26.70","14.90","4.10","6.9414576"
"58","3075","CARTAGO","OREAMUNO","SANTA ROSA","Overweight","236","52.00","0.22","0.46","70.31","31.20","25.06","13.44","4.18","6.6049638"
"59","3081","CARTAGO","EL GUARCO","EL TEJAR","Overweight","2231","459.00","0.21","3.19","99.08","14.57","24.05","21.07","3.69","9.5669489"
"60","3015","CARTAGO","CARTAGO","AGUACALIENTE O SAN FRANCISCO","Overweight","2313","473.00","0.20","4.11","96.17","17.20","25.08","23.43","3.87","8.8715791"
"61","3014","CARTAGO","CARTAGO","SAN NICOLAS","Overweight","2157","435.00","0.20","3.77","100.00","24.14","25.42","23.60","3.79","8.4490161"
"62","3011","CARTAGO","CARTAGO","ORIENTAL","Overweight","1111","229.00","0.21","3.12","100.00","9.42","14.94","32.19","3.11","11.2376988"
"63","3013","CARTAGO","CARTAGO","CARMEN","Overweight","1114","233.00","0.21","3.04","100.00","21.45","21.23","24.24","3.65","9.4517173"
"64","3016","CARTAGO","CARTAGO","GUADALUPE O ARENILLA","Overweight","1025","216.00","0.21","3.22","98.52","16.95","22.98","22.74","3.72","9.4297265"
"65","3022","CARTAGO","PARAISO","SANTIAGO","Overweight","653","132.00","0.20","2.64","8.42","31.73","27.50","17.68","3.79","6.8615538"
"66","3074","CARTAGO","OREAMUNO","CIPRESES","Overweight","291","66.00","0.23","1.50","57.35","23.55","26.11","13.25","4.05","7.3410104"
"67","3041","CARTAGO","JIMENEZ","JUAN VIÑAS","Overweight","501","103.00","0.21","2.32","70.53","22.89","21.58","22.19","3.55","7.6960784"
"68","3024","CARTAGO","PARAISO","CACHI","Overweight","460","79.00","0.17","3.70","53.66","25.58","23.78","18.27","3.82","6.9686898"
"69","3061","CARTAGO","ALVARADO","PACAYAS","Overweight","538","104.00","0.19","1.52","59.35","28.27","24.89","14.62","3.91","7.1886969"
"70","30110","CARTAGO","CARTAGO","LLANO GRANDE","Overweight","502","100.00","0.20","1.24","0.00","32.84","25.86","16.72","4.29","6.4897196"
"71","3018","CARTAGO","CARTAGO","TIERRA BLANCA","Overweight","424","106.00","0.25","1.18","88.48","23.08","25.65","13.64","4.46","7.258148"
"72","7036","LIMON","SIQUIRRES","LA ALEGRIA","Overweight","542","84.00","0.15","3.33","10.38","27.59","29.79","20.74","3.37","7.5777228"
"73","7063","LIMON","GUACIMO","POCORA","Overweight","640","102.00","0.16","4.59","80.16","33.40","28.00","22.60","3.33","6.7283951"
"74","7034","LIMON","SIQUIRRES","GERMANIA","Overweight","375","72.00","0.19","2.33","53.99","30.68","25.86","17.49","3.23","7.0387244"
"75","7022","LIMON","POCOCI","JIMENES","Overweight","1177","240.00","0.20","4.50","44.44","26.03","29.60","20.52","3.39","7.8767698"
"76","7065","LIMON","GUACIMO","DUACARI","Overweight","664","118.00","0.18","4.46","16.87","38.94","32.41","14.73","3.53","6.1517588"
"77","7061","LIMON","GUACIMO","GUACIMO","Overweight","1923","299.00","0.16","3.88","54.93","27.24","29.50","22.81","3.37","7.463022"
"78","7064","LIMON","GUACIMO","RIO JIMENES","Overweight","936","166.00","0.18","3.76","32.88","41.13","30.49","18.34","3.46","6.407851"
"79","7062","LIMON","GUACIMO","MERCEDES","Overweight","132","27.00","0.20","4.36","57.23","34.01","21.68","20.72","3.26","8.6806597"
"80","7035","LIMON","SIQUIRRES","EL CAIRO","Overweight","533","87.00","0.16","4.01","54.85","37.24","30.17","19.05","3.48","6.9687055"
"81","7025","LIMON","POCOCI","CARIARI","Overweight","2592","455.00","0.18","5.67","66.05","37.55","29.42","21.71","3.44","6.8210926"
"82","6054","PUNTARENAS","OSA","BAHIA BALLENA","Overweight","370","69.00","0.19","2.44","6.02","48.03","28.04","16.46","2.96","7.5679785"
"83","1091","SAN JOSE","SANTA ANA","SANTA ANA","Overweight","1049","205.00","0.20","1.98","100.00","11.15","19.83","27.33","3.13","11.0908903"
"84","1092","SAN JOSE","SANTA ANA","SALITRAL","Overweight","415","110.00","0.27","2.31","45.68","33.50","26.32","21.07","3.63","7.7790123"
"85","1022","SAN JOSE","ESCAZU","SAN ANTONIO","Overweight","1356","311.00","0.23","3.01","98.18","21.22","22.21","23.08","3.55","9.0623152"
"86","3034","CARTAGO","LA UNION","SAN RAFAEL","Overweight","1037","218.00","0.21","3.71","89.68","18.35","25.61","22.00","3.71","9.3121846"
"87","3031","CARTAGO","LA UNION","TRES RIOS","Overweight","1062","218.00","0.21","2.67","100.00","10.19","16.64","30.77","3.47","10.3690905"
"88","3033","CARTAGO","LA UNION","SAN JUAN","Overweight","728","181.00","0.25","2.67","100.00","5.66","22.07","23.41","3.20","12.190393"
"89","1015","SAN JOSE","SAN JOSE","ZAPOTE","Overweight","1013","219.00","0.22","2.92","100.00","10.33","16.78","34.65","3.11","11.1955208"
"90","1182","SAN JOSE","CURRIDABAT","GRANADILLA","Overweight","730","168.00","0.23","3.09","100.00","13.90","21.07","22.99","3.50","10.4990263"
"91","1154","SAN JOSE","MONTES DE OCA","SAN RAFAEL","Overweight","543","131.00","0.24","4.17","100.00","18.75","21.69","25.89","3.43","10.1491865"
"92","1018","SAN JOSE","SAN JOSE","MATA REDONDA","Overweight","316","67.00","0.21","3.43","100.00","9.31","14.87","32.85","2.80","12.21103"
"93","1019","SAN JOSE","SAN JOSE","PAVAS","Overweight","3206","654.00","0.20","4.23","100.00","22.64","23.64","27.69","3.65","9.1884926"
"94","1017","SAN JOSE","SAN JOSE","URUCA","Overweight","3179","644.00","0.20","4.03","100.00","38.83","28.40","24.13","3.65","8.5745212"
"95","1131","SAN JOSE","TIBAS","SAN JUAN","Overweight","1337","299.00","0.22","2.83","100.00","8.36","15.63","33.93","3.04","11.0259016"
"96","1135","SAN JOSE","TIBAS","COLIMA","Overweight","494","107.00","0.22","3.54","100.00","12.10","18.57","30.69","3.25","10.7289545"
"97","1141","SAN JOSE","MORAVIA","SAN VICENTE","Overweight","1754","366.00","0.21","3.09","100.00","8.61","17.00","29.93","3.14","11.7773761"
"98","1114","SAN JOSE","VAZQUEZ DE CORONADO","PATALILLO","Overweight","1116","258.00","0.23","2.68","100.00","9.15","20.51","24.71","3.42","10.434229"
"99","1152","SAN JOSE","MONTES DE OCA","SABANILLA","Overweight","794","171.00","0.22","2.90","100.00","5.97","15.79","31.19","2.99","12.3459725"
"100","4034","HEREDIA","SANTO DOMINGO","PARACITO","Overweight","241","50.00","0.21","2.66","100.00","17.01","22.95","20.00","3.51","8.8849765"
"101","1143","SAN JOSE","MORAVIA","LA TRINIDAD","Overweight","1377","286.00","0.21","3.34","100.00","13.82","23.88","23.72","3.54","9.6882331"
"102","1081","SAN JOSE","GOICOECHEA","GUADALUPE","Overweight","1513","337.00","0.22","3.18","100.00","10.76","15.47","34.09","3.05","10.6197949"
"103","2019","ALAJUELA","ALAJUELA","RIO SEGUNDO","Overweight","779","152.00","0.20","3.75","100.00","25.58","22.35","24.68","3.35","8.6160571"
"104","4035","HEREDIA","SANTO DOMINGO","SANTO TOMAS","Overweight","365","85.00","0.23","2.70","100.00","11.00","20.01","22.10","3.39","11.0504463"
"105","1084","SAN JOSE","GOICOECHEA","MATA DE PLATANO","Overweight","941","201.00","0.21","2.81","99.30","11.81","20.51","25.73","3.39","10.6254272"
"106","1087","SAN JOSE","GOICOECHEA","PURRAL","Overweight","2228","450.00","0.20","4.83","100.00","27.68","26.99","27.42","3.78","8.5103646"
"107","1123","SAN JOSE","ACOSTA","PALMICHAL","Overweight","391","75.00","0.19","2.17","25.04","30.96","25.32","21.40","3.48","7.7413692"
"108","1105","SAN JOSE","ALAJUELITA","SAN FELIPE","Overweight","2697","535.00","0.20","3.76","100.00","32.09","29.25","26.94","4.01","7.8669771"
"109","1096","SAN JOSE","SANTA ANA","BRASIL","Overweight","41","11.00","0.27","1.31","100.00","16.39","23.63","20.83","3.59","9.2695312"
"110","1095","SAN JOSE","SANTA ANA","PIEDADES","Overweight","179","36.00","0.20","2.27","92.57","19.92","20.84","22.46","3.41","9.9276757"
"111","1093","SAN JOSE","SANTA ANA","POZOS","Overweight","1008","228.00","0.23","2.53","100.00","16.54","23.69","19.20","3.50","10.7549564"
"112","1073","SAN JOSE","MORA","TABARCIA","Overweight","643","129.00","0.20","4.14","6.10","29.81","24.28","22.97","3.39","7.7589237"
"113","1094","SAN JOSE","SANTA ANA","URUCA","Overweight","592","138.00","0.23","2.60","94.15","14.40","22.94","19.55","3.27","10.6535925"
"114","1061","SAN JOSE","ASERRI","ASERRI","Overweight","2368","483.00","0.20","3.43","94.21","20.28","24.48","25.78","3.52","8.804408"
"115","1033","SAN JOSE","DESAMPARADOS","SAN JUAN DE DIOS","Overweight","1404","290.00","0.21","3.57","100.00","22.60","25.76","25.40","3.68","8.2128881"
"116","1034","SAN JOSE","DESAMPARADOS","SAN RAFAEL ARRIBA","Overweight","1880","439.00","0.23","3.80","100.00","17.21","22.47","23.97","3.48","9.0837073"
"117","10311","SAN JOSE","DESAMPARADOS","SAN RAFAEL ABAJO","Overweight","1531","323.00","0.21","3.50","100.00","18.78","23.45","27.56","3.50","9.2877308"
"118","1031","SAN JOSE","DESAMPARADOS","DESAMPARADOS","Overweight","2536","571.00","0.23","4.82","100.00","14.95","20.42","31.15","3.34","9.9710024"
"119","1035","SAN JOSE","DESAMPARADOS","SAN ANTONIO","Overweight","797","165.00","0.21","2.88","100.00","9.69","18.49","27.07","3.20","10.8785511"
"120","3032","CARTAGO","LA UNION","SAN DIEGO","Overweight","1785","379.00","0.21","3.92","96.20","17.99","24.80","24.38","3.66","9.1794631"
"121","1037","SAN JOSE","DESAMPARADOS","PATARRA","Overweight","678","137.00","0.20","3.79","86.83","24.65","26.04","21.16","3.67","8.2316434"
"122","10310","SAN JOSE","DESAMPARADOS","DAMAS","Overweight","637","136.00","0.21","2.66","100.00","12.01","22.57","27.89","3.53","9.4325176"
"123","10313","SAN JOSE","DESAMPARADOS","LOS GUIDO","Overweight","172","41.00","0.24","6.40","100.00","36.62","29.95","26.29","4.01","7.2151727"
"124","3038","CARTAGO","LA UNION","RIO AZUL","Overweight","946","215.00","0.23","3.67","95.83","38.15","29.67","22.53","3.80","7.1096909"
"125","1104","SAN JOSE","ALAJUELITA","CONCEPCION","Overweight","1424","302.00","0.21","4.91","100.00","25.52","26.13","26.54","3.74","7.9582649"
"126","1101","SAN JOSE","ALAJUELITA","ALAJUELITA","Overweight","1259","259.00","0.21","3.45","100.00","17.54","22.57","30.33","3.56","8.9190622"
"127","1102","SAN JOSE","ALAJUELITA","SAN JOSECITO","Overweight","752","139.00","0.18","2.48","100.00","22.79","25.96","23.21","3.64","8.5870585"
"128","1023","SAN JOSE","ESCAZU","SAN RAFAEL","Overweight","864","173.00","0.20","2.86","100.00","9.46","19.56","22.44","3.16","12.2165342"
"129","1021","SAN JOSE","ESCAZU","ESCAZU","Overweight","1932","400.00","0.21","3.43","100.00","18.26","20.06","29.08","3.34","10.2136997"
"130","4073","HEREDIA","BELEN","LA ASUNCION","Overweight","309","58.00","0.19","2.98","100.00","10.57","17.52","22.05","3.41","11.4107002"
"131","4083","HEREDIA","FLORES","LLORENTE","Overweight","513","105.00","0.20","3.06","100.00","15.44","23.34","22.76","3.55","9.6479977"
"132","4014","HEREDIA","HEREDIA","ULLOA","Overweight","1509","328.00","0.22","3.21","100.00","13.78","23.55","24.47","3.49","10.0956808"
"133","4032","HEREDIA","SANTO DOMINGO","SAN VICENTE","Overweight","360","81.00","0.23","2.52","100.00","9.01","18.84","25.09","3.39","11.7965554"
"134","4037","HEREDIA","SANTO DOMINGO","TURES","Overweight","376","83.00","0.22","3.30","100.00","22.86","23.03","21.09","3.55","9.283284"
"135","4033","HEREDIA","SANTO DOMINGO","SAN MIGUEL","Overweight","459","109.00","0.24","2.47","100.00","14.11","19.85","21.46","3.44","9.9058279"
"136","1184","SAN JOSE","CURRIDABAT","TIRRASES","Overweight","1377","268.00","0.19","3.86","100.00","33.49","27.21","25.13","3.72","7.9933592"
"137","1183","SAN JOSE","CURRIDABAT","SANCHEZ","Overweight","302","58.00","0.19","1.57","100.00","7.36","18.59","17.96","3.34","13.1531199"
"138","3037","CARTAGO","LA UNION","SAN RAMON","Overweight","247","47.00","0.19","1.73","100.00","12.32","20.84","24.38","3.46","10.5918967"
"139","3035","CARTAGO","LA UNION","CONCEPCION","Overweight","1727","361.00","0.21","3.60","100.00","18.37","25.06","22.35","3.60","8.899285"
"140","1181","SAN JOSE","CURRIDABAT","CURRIDABAT","Overweight","1671","382.00","0.23","2.83","100.00","11.45","16.52","30.04","3.08","11.5469617"
"141","1014","SAN JOSE","SAN JOSE","CATEDRAL","Overweight","977","224.00","0.23","3.36","100.00","15.03","16.96","35.00","2.85","10.4774822"
"142","1012","SAN JOSE","SAN JOSE","MERCED","Overweight","1039","228.00","0.22","3.79","100.00","24.77","21.23","30.56","3.22","9.4448109"
"143","10110","SAN JOSE","SAN JOSE","HATILLO","Overweight","3591","796.00","0.22","4.58","100.00","16.02","21.69","33.42","3.54","9.3169634"
"144","10111","SAN JOSE","SAN JOSE","SAN SEBASTIAN","Overweight","2404","533.00","0.22","4.13","100.00","17.38","21.05","29.73","3.45","9.6310691"
"145","1013","SAN JOSE","SAN JOSE","HOSPITAL","Overweight","1891","400.00","0.21","4.43","100.00","24.79","21.66","30.31","3.46","8.8488623"
"146","1082","SAN JOSE","GOICOECHEA","SAN FRANCISCO","Overweight","165","29.00","0.18","4.41","100.00","20.37","17.13","35.65","3.12","9.5037513"
"147","1083","SAN JOSE","GOICOECHEA","CALLE BLANCOS","Overweight","765","164.00","0.21","3.75","100.00","17.34","19.04","30.29","3.35","10.4164159"
"148","1134","SAN JOSE","TIBAS","LEON XIII","Overweight","1140","232.00","0.20","5.06","100.00","35.30","27.67","28.63","3.92","7.4652125"
"149","1151","SAN JOSE","MONTES DE OCA","SAN PEDRO","Overweight","1020","219.00","0.21","2.59","100.00","6.82","13.08","34.82","2.67","12.0663382"
"150","1153","SAN JOSE","MONTES DE OCA","MERCEDES","Overweight","148","41.00","0.28","1.96","100.00","6.46","13.48","35.77","2.50","12.497076"
"151","1115","SAN JOSE","VAZQUEZ DE CORONADO","CASCAJAL","Overweight","484","100.00","0.21","4.15","82.82","29.85","24.84","22.95","3.60","8.1863894"
"152","1011","SAN JOSE","SAN JOSE","EL CARMEN","Overweight","318","69.00","0.22","2.70","100.00","6.16","10.03","39.06","2.44","11.9805054"
"153","4031","HEREDIA","SANTO DOMINGO","SANTO DOMINGO","Overweight","563","120.00","0.21","3.13","100.00","16.11","14.80","33.18","3.02","11.3124719"
"154","3082","CARTAGO","EL GUARCO","SAN ISIDRO","Overweight","876","169.00","0.19","3.71","57.47","34.18","26.52","15.94","3.83","7.0167566"
"155","3083","CARTAGO","EL GUARCO","TOBOSI","Overweight","557","112.00","0.20","3.08","94.92","24.32","27.23","18.21","4.05","7.2568077"
"156","1016","SAN JOSE","SAN JOSE","SAN FRANCISCO DE DOS RIOS","Overweight","1132","277.00","0.24","2.34","100.00","9.00","16.40","30.57","3.17","11.8381503"
"157","4071","HEREDIA","BELEN","SAN ANTONIO","Overweight","703","164.00","0.23","2.08","100.00","13.09","19.51","21.82","3.50","9.9077301"
"158","4013","HEREDIA","HEREDIA","SAN FRANCISCO","Overweight","3250","648.00","0.20","3.43","100.00","18.33","24.03","26.59","3.60","9.7762783"
"159","1132","SAN JOSE","TIBAS","CINCO ESQUINAS","Overweight","847","189.00","0.22","4.83","100.00","25.05","24.42","28.41","3.63","8.6461011"
"160","1133","SAN JOSE","TIBAS","ANSELMO LLORENTE","Overweight","417","97.00","0.23","2.72","100.00","6.71","15.13","32.74","3.15","11.5748183"
"161","1172","SAN JOSE","DOTA","JARDIN","Overweight","16","1.00","0.06","0.00","0.00","50.34","26.34","5.37","3.52","6.6473988"
"162","1173","SAN JOSE","DOTA","COPEY","Overweight","162","37.00","0.23","0.42","0.00","61.31","26.96","14.88","3.58","7.0947368"
"163","1051","SAN JOSE","TARRAZU","SAN MARCOS","Overweight","809","141.00","0.17","3.17","67.85","24.89","25.68","22.25","3.43","7.9986887"
"164","1171","SAN JOSE","DOTA","SANTA MARIA","Overweight","404","68.00","0.17","2.62","46.05","29.21","25.10","23.97","3.44","8.2820796"
"165","3084","CARTAGO","EL GUARCO","PATIO DE AGUA","Overweight","64","7.00","0.11","8.62","0.00","30.17","23.79","10.34","3.52","5.8311688"
"166","3019","CARTAGO","CARTAGO","DULCE NOMBRE","Overweight","941","197.00","0.21","2.89","93.58","12.34","24.55","21.01","3.49","9.606303"
"167","3021","CARTAGO","PARAISO","PARAISO","Overweight","2025","435.00","0.21","3.55","88.59","17.63","21.92","20.60","3.67","8.8895788"
"168","3023","CARTAGO","PARAISO","OROSI","Overweight","796","151.00","0.19","2.96","63.73","28.08","24.47","20.51","3.82","7.0521286"
"169","1191","SAN JOSE","PEREZ ZELEDON","SAN ISIDRO DEL GENERAL","Overweight","4114","771.00","0.19","3.80","74.61","22.09","25.55","28.43","3.32","8.8658684"
"170","11911","SAN JOSE","PEREZ ZELEDON","PARAMO","Overweight","395","67.00","0.17","2.18","0.00","53.06","27.41","13.80","3.64","6.7749054"
"171","7023","LIMON","POCOCI","RITA","Overweight","2115","396.00","0.19","5.51","33.84","42.66","29.03","17.43","3.41","6.4238703"
"172","7024","LIMON","POCOCI","ROXANA","Overweight","1368","228.00","0.17","4.63","39.74","43.86","29.95","15.92","3.53","6.4048817"
"173","4015","HEREDIA","HEREDIA","VARABLANCA","Overweight","45","14.00","0.31","0.92","48.43","53.49","24.71","12.09","3.26","6.3041667"
"174","4102","HEREDIA","SARAPIQUI","LA VIRGEN","Overweight","1075","188.00","0.17","4.06","21.33","39.61","29.70","18.62","3.37","6.3072762"
"175","4104","HEREDIA","SARAPIQUI","LLANURAS DEL GASPAR","Overweight","121","23.00","0.19","1.40","0.00","74.20","31.72","6.05","3.57","4.78125"
"176","3062","CARTAGO","ALVARADO","CERVANTES","Overweight","532","106.00","0.20","1.72","68.48","22.38","26.02","19.54","3.83","7.2195333"
"177","3063","CARTAGO","ALVARADO","CAPELLADES","Overweight","181","52.00","0.29","1.00","55.01","26.48","24.21","14.07","3.71","7.3394995"
"178","1112","SAN JOSE","VAZQUEZ DE CORONADO","SAN RAFAEL","Overweight","540","124.00","0.23","3.05","90.20","21.06","21.12","21.73","3.56","9.1200418"
"179","1113","SAN JOSE","VAZQUEZ DE CORONADO","DULCE NOMBRE DE JESUS","Overweight","798","177.00","0.22","4.04","98.05","16.17","22.27","23.34","3.64","9.2095383"
"180","1204","SAN JOSE","LEON CORTES","SAN ISIDRO","Overweight","126","31.00","0.25","4.00","0.00","33.82","26.65","11.92","3.72","6.7038391"
"181","1203","SAN JOSE","LEON CORTES","LLANO BONITO","Overweight","122","17.00","0.14","2.47","0.00","43.03","26.48","14.46","3.63","6.5881579"
"182","1052","SAN JOSE","TARRAZU","SAN LORENZO","Overweight","293","62.00","0.21","2.49","32.11","43.34","29.09","14.85","3.57","6.7293729"
"183","1053","SAN JOSE","TARRAZU","SAN CARLOS","Overweight","199","35.00","0.18","1.13","0.00","49.69","33.60","9.94","3.92","5.6444805"
"184","6091","PUNTARENAS","PARRITA","PARRITA","Overweight","1331","249.00","0.19","3.28","53.24","34.32","26.42","18.70","3.26","7.1178087"
"185","1065","SAN JOSE","ASERRI","LEGUA","Overweight","130","34.00","0.26","2.71","0.00","43.45","30.11","14.56","3.69","6.3152805"
"186","1201","SAN JOSE","LEON CORTES","SAN PABLO","Overweight","347","61.00","0.18","2.89","94.20","34.05","25.80","23.72","3.48","8.0609231"
"187","1121","SAN JOSE","ACOSTA","SAN IGNACIO","Overweight","572","110.00","0.19","2.13","15.27","22.88","23.89","24.20","3.48","8.5417965"
"188","1066","SAN JOSE","ASERRI","MONTERREY","Overweight","82","15.00","0.18","2.94","37.95","37.58","27.31","24.83","3.34","6.25"
"189","1036","SAN JOSE","DESAMPARADOS","FRAILES","Overweight","250","41.00","0.16","4.16","13.04","32.83","24.60","16.93","3.53","7.372026"
"190","3017","CARTAGO","CARTAGO","CORRALILLO","Overweight","699","165.00","0.24","2.33","18.43","22.07","22.89","17.62","3.64","7.7016683"
"191","1038","SAN JOSE","DESAMPARADOS","SAN CRISTOBAL","Overweight","362","73.00","0.20","2.31","0.00","33.43","27.30","16.20","3.68","7.3036577"
"192","1202","SAN JOSE","LEON CORTES","SAN ANDRES","Overweight","114","23.00","0.20","2.77","0.00","38.22","25.60","16.89","3.51","6.6569468"
"193","1124","SAN JOSE","ACOSTA","CANGREJAL","Overweight","167","38.00","0.23","1.82","0.00","39.66","25.33","18.63","3.20","6.0682493"
"194","1103","SAN JOSE","ALAJUELITA","SAN ANTONIO","Overweight","325","73.00","0.22","3.34","83.60","42.06","27.77","20.33","3.52","7.9231207"
"195","1063","SAN JOSE","ASERRI","VUELTA DE JORCO","Overweight","524","87.00","0.17","2.98","35.39","29.20","23.74","20.33","3.43","7.6594573"
"196","1062","SAN JOSE","ASERRI","TARBACA","Overweight","143","18.00","0.13","4.27","0.00","28.25","24.20","16.25","3.62","7.6540643"
"197","1039","SAN JOSE","DESAMPARADOS","ROSARIO","Overweight","422","74.00","0.18","2.00","0.00","32.00","26.13","19.29","3.44","7.1860262"
"198","1064","SAN JOSE","ASERRI","SAN GABRIEL","Overweight","372","79.00","0.21","2.26","18.30","26.62","25.41","22.36","3.53","7.6615721"
"199","1067","SAN JOSE","ASERRI","SALITRILLOS","Overweight","816","178.00","0.22","3.33","80.61","31.07","26.10","23.29","3.62","7.7399961"
"200","10312","SAN JOSE","DESAMPARADOS","GRAVILIAS","Overweight","751","188.00","0.25","3.60","100.00","8.04","17.73","30.73","3.25","10.8009057"
"201","1032","SAN JOSE","DESAMPARADOS","SAN MIGUEL","Overweight","4647","918.00","0.20","3.88","94.98","18.51","24.32","25.11","3.64","8.6806482"
"202","1205","SAN JOSE","LEON CORTES","SANTA CRUZ","Overweight","147","15.00","0.10","0.45","0.00","69.57","23.66","16.60","3.54","6.9587459"
"203","1206","SAN JOSE","LEON CORTES","SAN ANTONIO","Overweight","94","15.00","0.16","1.47","88.52","28.16","23.96","14.56","3.58","6.7889688"
"204","2033","ALAJUELA","GRECIA","SAN JOSE","Overweight","696","141.00","0.20","2.27","60.86","17.82","25.14","17.34","3.52","8.5129618"
"205","4072","HEREDIA","BELEN","LA RIBERA","Overweight","698","139.00","0.20","2.37","100.00","13.62","20.43","20.32","3.42","9.6717742"
"206","4043","HEREDIA","SANTA BARBARA","SAN JUAN","Overweight","821","153.00","0.19","2.76","100.00","15.56","22.40","19.69","3.52","9.4940984"
"207","4012","HEREDIA","HEREDIA","MERCEDES","Overweight","1197","254.00","0.21","2.87","100.00","8.25","20.25","24.72","3.29","11.3197802"
"208","4081","HEREDIA","FLORES","SAN JOAQUIN","Overweight","770","177.00","0.23","2.85","100.00","10.38","20.30","22.97","3.28","11.057047"
"209","2083","ALAJUELA","POAS","SAN RAFAEL","Overweight","431","85.00","0.20","3.48","15.53","22.68","24.50","16.14","3.63","7.8275694"
"210","2081","ALAJUELA","POAS","SAN PEDRO","Overweight","756","173.00","0.23","3.95","78.33","18.84","22.54","21.26","3.44","8.8240027"
"211","4044","HEREDIA","SANTA BARBARA","JESUS","Overweight","654","135.00","0.21","2.35","79.09","18.72","24.93","18.91","3.62","8.6394113"
"212","4022","HEREDIA","BARVA","SAN PEDRO","Overweight","596","146.00","0.24","2.81","96.80","20.82","23.58","21.11","3.59","9.0869231"
"213","4052","HEREDIA","SAN RAFAEL","SAN JOSECITO","Overweight","563","105.00","0.19","3.61","100.00","14.32","22.31","25.91","3.46","9.4357387"
"214","4025","HEREDIA","BARVA","SANTA LUCIA","Overweight","290","56.00","0.19","2.26","100.00","9.71","20.96","21.44","3.41","11.4163411"
"215","4051","HEREDIA","SAN RAFAEL","SAN RAFAEL","Overweight","883","175.00","0.20","2.90","100.00","11.56","20.88","26.19","3.44","9.9777665"
"216","4053","HEREDIA","SAN RAFAEL","SANTIAGO","Overweight","683","152.00","0.22","3.33","100.00","13.95","23.05","25.06","3.50","10.289953"
"217","4021","HEREDIA","BARVA","BARVA","Overweight","410","88.00","0.21","1.40","100.00","11.53","18.69","27.24","3.37","11.1800838"
"218","4082","HEREDIA","FLORES","BARRANTES","Overweight","433","91.00","0.21","1.54","100.00","11.51","21.00","19.35","3.34","11.4513595"
"219","4055","HEREDIA","SAN RAFAEL","CONCEPCION","Overweight","392","81.00","0.21","2.82","76.49","17.81","25.05","16.60","3.50","9.7864203"
"220","4026","HEREDIA","BARVA","SAN JOSE DE LA MONTAÑA","Overweight","468","108.00","0.23","2.71","67.60","19.67","24.59","17.43","3.58","9.140748"
"221","4054","HEREDIA","SAN RAFAEL","ANGELES","Overweight","906","190.00","0.21","2.47","70.61","14.47","23.20","18.22","3.45","9.7432806"
"222","4024","HEREDIA","BARVA","SAN ROQUE","Overweight","289","73.00","0.25","1.91","100.00","7.60","22.13","18.49","3.38","11.287944"
"223","4041","HEREDIA","SANTA BARBARA","SANTA BARBARA","Overweight","861","195.00","0.23","2.45","100.00","11.17","21.25","22.58","3.39","9.8331273"
"224","4063","HEREDIA","SAN ISIDRO","CONCEPCION","Overweight","217","48.00","0.22","1.88","89.18","17.97","21.29","22.28","3.33","9.4233983"
"225","4064","HEREDIA","SAN ISIDRO","SAN FRANCISCO","Overweight","145","36.00","0.25","2.51","100.00","16.07","21.86","20.29","3.53","9.292"
"226","4061","HEREDIA","SAN ISIDRO","SAN ISIDRO","Overweight","815","169.00","0.21","2.25","100.00","10.50","20.17","22.91","3.43","9.9122457"
"227","2011","ALAJUELA","ALAJUELA","ALAJUELA","Overweight","3895","803.00","0.21","3.10","100.00","14.17","19.76","29.34","3.17","10.029311"
"228","4023","HEREDIA","BARVA","SAN PABLO","Overweight","484","86.00","0.18","2.60","80.92","14.14","22.96","22.82","3.62","9.7746988"
"229","4046","HEREDIA","SANTA BARBARA","PURABA","Overweight","348","71.00","0.20","2.39","84.45","19.38","22.96","15.55","3.57","8.8899549"
"230","1142","SAN JOSE","MORAVIA","SAN JERONIMO","Overweight","522","98.00","0.19","2.87","94.36","23.92","24.13","20.78","3.51","8.7587234"
"231","4038","HEREDIA","SANTO DOMINGO","PARA","Overweight","291","69.00","0.24","2.54","100.00","14.62","19.77","22.03","3.38","9.3414809"
"232","4062","HEREDIA","SAN ISIDRO","SAN JOSE","Overweight","379","84.00","0.22","2.13","88.98","17.46","22.79","18.49","3.45","10.0424671"
"233","4042","HEREDIA","SANTA BARBARA","SAN PEDRO","Overweight","527","125.00","0.24","4.46","100.00","22.63","25.22","21.13","3.48","8.6764846"
"234","20110","ALAJUELA","ALAJUELA","DESAMPARADOS","Overweight","969","215.00","0.22","3.70","97.58","20.39","24.29","22.49","3.48","9.2702018"
"235","4045","HEREDIA","SANTA BARBARA","SANTO DOMINGO","Overweight","276","52.00","0.19","1.75","41.06","24.06","24.90","16.77","3.50","8.2974453"
"236","2013","ALAJUELA","ALAJUELA","CARRIZAL","Overweight","702","159.00","0.23","3.76","54.20","23.54","25.95","18.23","3.66","7.8435189"
"237","2053","ALAJUELA","ATENAS","MERCEDES","Overweight","237","48.00","0.20","2.49","42.88","16.95","22.39","19.14","3.27","8.6535304"
"238","2057","ALAJUELA","ATENAS","SANTA EULALIA","Overweight","191","51.00","0.27","1.88","82.28","21.96","23.73","16.35","3.34","7.8697917"
"239","1161","SAN JOSE","TURRUBARES","SAN PABLO","Overweight","134","33.00","0.25","2.73","54.24","22.90","24.32","26.87","3.17","8.1885714"
"240","2037","ALAJUELA","GRECIA","PUENTE DE PIEDRA","Overweight","766","154.00","0.20","3.60","73.38","20.90","24.97","19.35","3.55","7.8480539"
"241","2051","ALAJUELA","ATENAS","ATENAS","Overweight","629","149.00","0.24","2.22","79.53","12.25","18.99","22.36","3.36","10.2982346"
"242","2058","ALAJUELA","ATENAS","ESCOBAL","Overweight","","","","2.94","35.97","24.81","22.41","12.59","3.14","7.2685185"
"243","2055","ALAJUELA","ATENAS","CONCEPCION","Overweight","309","72.00","0.23","1.46","64.73","20.51","21.34","16.46","3.27","8.9169139"
"244","2012","ALAJUELA","ALAJUELA","SAN JOSE","Overweight","1932","401.00","0.21","3.50","100.00","15.91","23.06","23.31","3.39","9.4759308"
"245","2014","ALAJUELA","ALAJUELA","SAN ANTONIO","Overweight","3077","598.00","0.19","3.80","100.00","18.86","23.90","22.52","3.42","8.5025875"
"246","1075","SAN JOSE","MORA","PICAGRES","Overweight","58","16.00","0.28","2.27","0.00","42.47","19.70","20.09","3.08","7.2911877"
"247","20111","ALAJUELA","ALAJUELA","TURRUCARES","Overweight","747","156.00","0.21","2.34","64.52","21.49","24.35","15.22","3.57","8.1188567"
"248","2015","ALAJUELA","ALAJUELA","GUACIMA","Overweight","1959","423.00","0.22","2.93","97.14","24.27","25.88","17.57","3.59","8.1112998"
"249","2018","ALAJUELA","ALAJUELA","SAN RAFAEL","Overweight","2051","410.00","0.20","4.91","97.40","22.18","23.28","18.88","3.57","8.9183021"
"250","1071","SAN JOSE","MORA","COLON","Overweight","1165","250.00","0.21","3.21","70.01","16.25","21.42","22.34","3.31","10.0266085"
"251","1042","SAN JOSE","PURISCAL","MERCEDES SUR","Overweight","529","124.00","0.23","2.70","0.00","31.24","22.23","21.46","3.26","8.0247132"
"252","1074","SAN JOSE","MORA","PIEDRAS NEGRAS","Overweight","29","6.00","0.21","3.48","0.00","50.86","24.01","14.66","3.27","6.9051095"
"253","1047","SAN JOSE","PURISCAL","DESAMPARADITOS","Overweight","75","21.00","0.28","1.12","0.00","20.90","18.62","18.41","3.31","9.4761905"
"254","1043","SAN JOSE","PURISCAL","BARBACOAS","Overweight","380","103.00","0.27","3.14","5.53","23.48","23.13","20.95","3.45","8.0737931"
"255","1048","SAN JOSE","PURISCAL","SAN ANTONIO","Overweight","340","63.00","0.19","4.16","0.00","22.94","23.43","20.28","3.44","8.5617902"
"256","1041","SAN JOSE","PURISCAL","SANTIAGO","Overweight","773","175.00","0.23","2.72","65.41","16.27","20.76","28.37","3.29","9.6346926"
"257","1045","SAN JOSE","PURISCAL","SAN RAFAEL","Overweight","93","21.00","0.23","2.77","0.00","24.32","18.55","24.68","3.14","7.9578059"
"258","1072","SAN JOSE","MORA","GUAYABO","Overweight","404","91.00","0.23","2.54","11.89","25.62","24.01","24.07","3.45","8.2411308"
"259","1199","SAN JOSE","PEREZ ZELEDON","BARU","Overweight","112","16.00","0.14","2.86","0.00","43.90","26.66","13.41","3.24","6.8075601"
"260","11910","SAN JOSE","PEREZ ZELEDON","RIO NUEVO","Overweight","352","61.00","0.17","0.90","0.00","63.88","29.24","11.88","3.83","6.3761996"
"261","6063","PUNTARENAS","QUEPOS","NARANJITO","Overweight","327","60.00","0.18","4.27","24.64","32.19","26.92","13.25","3.22","7.361949"
"262","6062","PUNTARENAS","QUEPOS","SAVEGRE","Overweight","315","68.00","0.22","2.20","10.97","46.12","26.64","11.39","3.18","6.8696035"
"263","2106","ALAJUELA","SAN CARLOS","PITAL","Overweight","1630","317.00","0.19","2.54","49.78","38.99","29.99","17.05","3.68","6.703566"
"264","20114","ALAJUELA","ALAJUELA","SARAPIQUI","Overweight","108","16.00","0.15","1.12","8.80","27.83","26.99","17.90","3.26","7.0802708"
"265","21011","ALAJUELA","SAN CARLOS","CUTRIS","Overweight","957","179.00","0.19","3.96","19.67","45.50","32.51","13.79","3.73","6.0981166"
"266","1125","SAN JOSE","ACOSTA","SABANILLAS","Overweight","144","31.00","0.22","1.42","0.00","46.65","25.31","16.14","3.19","5.6397985"
"267","1049","SAN JOSE","PURISCAL","CHIRES","Overweight","187","42.00","0.22","5.06","0.00","33.44","24.48","14.24","3.27","6.3894052"
"268","1046","SAN JOSE","PURISCAL","CANDELARITA","Overweight","103","27.00","0.26","1.87","0.00","34.11","22.56","19.64","3.71","7.0779221"
"269","1122","SAN JOSE","ACOSTA","GUAITIL","Overweight","152","27.00","0.18","2.30","0.00","35.32","23.28","18.70","3.33","6.6051454"
"270","2062","ALAJUELA","NARANJO","SAN MIGUEL","Overweight","386","86.00","0.22","1.93","49.80","24.38","27.53","20.38","3.72","7.5922274"
"271","2073","ALAJUELA","PALMARES","BUENOS AIRES","Overweight","463","101.00","0.22","2.92","81.14","15.20","21.30","22.94","3.46","9.6600131"
"272","2029","ALAJUELA","SAN RAMON","ALFARO","Overweight","362","73.00","0.20","2.54","63.37","16.16","23.33","22.81","3.27","9.7549195"
"273","2054","ALAJUELA","ATENAS","SAN ISIDRO","Overweight","207","47.00","0.23","1.63","0.00","37.64","23.39","14.55","3.53","7.0392157"
"274","2066","ALAJUELA","NARANJO","SAN JUAN","Overweight","217","56.00","0.26","3.66","41.52","21.98","24.34","23.35","3.55","8.5660219"
"275","2124","ALAJUELA","SARCHI","SAN PEDRO","Overweight","296","61.00","0.21","2.51","30.87","21.50","25.06","19.11","3.66","7.5069767"
"276","2023","ALAJUELA","SAN RAMON","SAN JUAN","Overweight","886","160.00","0.18","3.79","100.00","17.02","23.41","27.37","3.34","9.0492432"
"277","2016","ALAJUELA","ALAJUELA","SAN ISIDRO","Overweight","1128","256.00","0.23","4.10","58.84","24.39","25.19","20.36","3.53","8.2001512"
"278","2017","ALAJUELA","ALAJUELA","SABANILLA","Overweight","780","146.00","0.19","2.89","23.70","29.42","27.62","16.40","3.69","7.2150077"
"279","2067","ALAJUELA","NARANJO","EL ROSARIO","Overweight","324","65.00","0.20","2.14","36.68","24.43","27.71","16.22","3.91","6.8839739"
"280","20112","ALAJUELA","ALAJUELA","TAMBOR","Overweight","1258","230.00","0.18","2.72","62.21","23.85","25.58","17.72","3.61","8.0014255"
"281","2035","ALAJUELA","GRECIA","TACARES","Overweight","588","138.00","0.23","2.66","45.54","21.36","24.49","17.89","3.57","7.7018364"
"282","2084","ALAJUELA","POAS","CARRILLOS","Overweight","747","152.00","0.20","3.67","84.70","23.33","26.22","20.06","3.76","7.8981349"
"283","2072","ALAJUELA","PALMARES","ZARAGOZA","Overweight","523","111.00","0.21","3.21","89.83","19.76","21.60","19.50","3.56","9.0596739"
"284","2071","ALAJUELA","PALMARES","PALMARES","Overweight","290","66.00","0.23","2.45","100.00","16.28","17.03","29.36","3.20","9.7490446"
"285","2041","ALAJUELA","SAN MATEO","SAN MATEO","Overweight","224","54.00","0.24","1.82","37.78","29.20","21.88","20.57","3.18","8.5487923"
"286","20113","ALAJUELA","ALAJUELA","GARITA","Overweight","392","77.00","0.20","2.90","71.18","16.51","22.78","17.17","3.36","8.7532006"
"287","2027","ALAJUELA","SAN RAMON","SAN ISIDRO","Overweight","399","76.00","0.19","1.45","32.02","21.09","24.34","21.41","3.54","8.6955307"
"288","2021","ALAJUELA","SAN RAMON","SAN RAMON","Overweight","768","166.00","0.22","2.50","100.00","12.24","17.17","36.35","2.94","10.8659218"
"289","2077","ALAJUELA","PALMARES","LA GRANJA","Overweight","311","71.00","0.23","3.47","82.86","15.57","22.70","21.87","3.55","9.3222632"
"290","2076","ALAJUELA","PALMARES","ESQUIPULAS","Overweight","518","108.00","0.21","3.42","86.55","21.66","26.12","22.22","3.72","8.0775591"
"291","2075","ALAJUELA","PALMARES","CANDELARIA","Overweight","201","41.00","0.20","4.70","31.72","24.38","23.05","19.57","3.49","7.1173261"
"292","2056","ALAJUELA","ATENAS","SAN JOSE","Overweight","111","24.00","0.22","2.24","80.62","26.37","22.73","18.49","3.32","8.21682"
"293","2074","ALAJUELA","PALMARES","SANTIAGO","Overweight","173","31.00","0.18","2.48","46.80","36.39","21.63","16.98","3.68","7.8501838"
"294","20211","ALAJUELA","SAN RAMON","CONCEPCION","Overweight","201","36.00","0.18","3.46","100.00","25.22","23.89","16.42","3.50","7.2072368"
"295","20210","ALAJUELA","SAN RAMON","VOLIO","Overweight","194","42.00","0.22","3.76","16.48","21.74","23.74","17.55","3.52","7.7044674"
"296","2026","ALAJUELA","SAN RAMON","SAN RAFAEL","Overweight","593","106.00","0.18","3.03","45.19","21.73","22.15","23.41","3.39","9.3296089"
"297","2125","ALAJUELA","SARCHI","RODRIGUEZ","Overweight","176","27.00","0.15","5.21","13.25","22.77","26.40","15.51","3.58","7.910804"
"298","2064","ALAJUELA","NARANJO","CIRRI SUR","Overweight","369","66.00","0.18","2.00","26.19","21.89","24.65","20.73","3.51","7.6326879"
"299","2065","ALAJUELA","NARANJO","SAN JERONIMO","Overweight","297","47.00","0.16","3.92","63.27","26.22","26.84","21.68","3.69","7.452496"
"300","2085","ALAJUELA","POAS","SABANA REDONDA","Overweight","319","60.00","0.19","3.82","0.00","37.40","28.98","15.27","3.58","6.6111111"
"301","2082","ALAJUELA","POAS","SAN JUAN","Overweight","253","55.00","0.22","2.79","50.26","21.74","24.56","17.75","3.62","8.0073075"
"302","2121","ALAJUELA","SARCHI","SARCHI NORTE","Overweight","520","106.00","0.20","2.34","47.10","21.85","24.29","23.44","3.45","8.4068508"
"303","2122","ALAJUELA","SARCHI","SARCHI SUR","Overweight","498","89.00","0.18","3.58","37.62","22.32","23.88","21.91","3.53","7.8502935"
"304","2031","ALAJUELA","GRECIA","GRECIA","Overweight","1532","360.00","0.23","2.74","88.13","13.79","18.78","26.74","3.14","9.958464"
"305","2034","ALAJUELA","GRECIA","SAN ROQUE","Overweight","752","159.00","0.21","2.42","77.99","15.98","23.54","19.63","3.42","8.8175753"
"306","2032","ALAJUELA","GRECIA","SAN ISIDRO","Overweight","388","92.00","0.24","3.08","56.14","17.79","22.83","17.67","3.42","8.8467401"
"307","2101","ALAJUELA","SAN CARLOS","QUESADA","Overweight","2967","577.00","0.19","2.47","70.92","20.17","25.54","25.78","3.37","9.0098081"
"308","2111","ALAJUELA","ZARCERO","ZARCERO","Overweight","497","74.00","0.15","0.63","59.67","15.24","21.30","25.42","3.33","9.3800244"
"309","2113","ALAJUELA","ZARCERO","TAPESCO","Overweight","82","17.00","0.21","0.88","26.59","19.13","27.05","11.59","3.78","8.3660714"
"310","2105","ALAJUELA","SAN CARLOS","VENECIA","Overweight","768","151.00","0.20","3.18","25.62","25.57","29.92","18.09","3.62","7.4768133"
"311","2104","ALAJUELA","SAN CARLOS","AGUAS ZARCAS","Overweight","2002","313.00","0.16","3.38","41.37","26.35","30.25","20.53","3.62","7.3956956"
"312","2036","ALAJUELA","GRECIA","RIO CUARTO","Overweight","1102","184.00","0.17","2.83","22.00","38.33","32.08","13.19","3.76","6.5083585"
"313","2109","ALAJUELA","SAN CARLOS","LA PALMERA","Overweight","562","105.00","0.19","3.42","0.00","24.26","26.23","15.27","3.67","7.7925961"
"314","2123","ALAJUELA","SARCHI","TORO AMARILLO","Overweight","23","6.00","0.26","3.91","24.91","32.22","23.44","7.78","3.02","6.1595745"
"315","2115","ALAJUELA","ZARCERO","PALMIRA","Overweight","140","20.00","0.14","0.68","79.46","24.38","25.26","13.70","3.65","7.0718954"
"316","2038","ALAJUELA","GRECIA","BOLIVAR","Overweight","580","104.00","0.18","3.52","47.63","20.35","24.40","18.60","3.44","8.0495658"
"317","6111","PUNTARENAS","GARABITO","JACO","Overweight","1435","276.00","0.19","3.98","81.53","33.56","29.14","19.60","3.18","8.0913188"
"318","1044","SAN JOSE","PURISCAL","GRIFO ALTO","Overweight","90","19.00","0.21","3.16","0.00","32.95","22.00","18.34","3.39","7.5590717"
"319","1162","SAN JOSE","TURRUBARES","SAN PEDRO","Overweight","39","4.00","0.10","3.15","0.00","35.58","19.50","16.35","3.11","7.4087302"
"320","1164","SAN JOSE","TURRUBARES","SAN LUIS","Overweight","55","10.00","0.18","3.47","0.00","48.47","23.21","11.04","3.17","6.2810811"
"321","2093","ALAJUELA","OROTINA","HACIENDA VIEJA","Overweight","66","12.00","0.18","2.13","85.03","20.63","20.45","21.59","3.24","8.2252475"
"322","6022","PUNTARENAS","ESPARZA","SAN JUAN GRANDE","Overweight","481","86.00","0.18","3.98","48.91","36.93","28.16","18.96","3.39","7.6405199"
"323","2052","ALAJUELA","ATENAS","JESUS","Overweight","412","89.00","0.22","2.51","31.53","17.22","21.95","18.59","3.33","9.0429363"
"324","2042","ALAJUELA","SAN MATEO","DESMONTE","Overweight","36","11.00","0.31","1.17","0.00","30.34","22.45","11.72","3.61","7.6317073"
"325","2095","ALAJUELA","OROTINA","LA CEIBA","Overweight","173","27.00","0.16","3.00","0.00","33.68","28.15","14.21","3.37","7.1478659"
"326","2092","ALAJUELA","OROTINA","EL MASTATE","Overweight","182","36.00","0.20","3.62","25.37","15.13","26.08","21.96","3.36","8.3057143"
"327","2094","ALAJUELA","OROTINA","COYOLAR","Overweight","637","113.00","0.18","3.32","29.55","37.70","29.16","20.54","3.44","7.0622368"
"328","2091","ALAJUELA","OROTINA","OROTINA","Overweight","752","145.00","0.19","2.33","76.95","18.69","23.33","23.73","3.24","8.9662776"
"329","1163","SAN JOSE","TURRUBARES","SAN JUAN DE MATA","Overweight","298","47.00","0.16","7.42","0.00","32.01","25.13","16.43","3.30","7.2440191"
"330","1165","SAN JOSE","TURRUBARES","CARARA","Overweight","6","1.00","0.17","2.64","0.00","36.53","27.96","16.46","3.27","6.4818482"
"331","6112","PUNTARENAS","GARABITO","TARCOLES","Overweight","505","95.00","0.19","2.82","55.34","27.08","28.50","16.71","3.25","7.1415975"
"332","2043","ALAJUELA","SAN MATEO","JESUS MARIA","Overweight","203","41.00","0.20","3.21","24.78","29.13","24.74","16.64","3.32","7.6217143"
"333","6023","PUNTARENAS","ESPARZA","MACACONA","Overweight","556","99.00","0.18","2.36","81.95","17.69","26.25","20.27","3.40","9.3656922"
"334","6024","PUNTARENAS","ESPARZA","SAN RAFAEL","Overweight","109","23.00","0.21","2.37","0.00","21.29","21.17","15.55","3.10","8.239521"
"335","2022","ALAJUELA","SAN RAMON","SANTIAGO","Overweight","356","71.00","0.20","3.00","20.44","28.96","26.35","16.17","3.64","8.2864019"
"336","20212","ALAJUELA","SAN RAMON","ZAPOTAL","Overweight","18","6.00","0.33","0.58","0.00","52.80","23.27","10.40","3.13","6.1666667"
"337","2025","ALAJUELA","SAN RAMON","PIEDADES SUR","Overweight","290","48.00","0.17","1.46","8.37","33.97","23.92","15.21","3.40","7.4362319"
"338","2024","ALAJUELA","SAN RAMON","PIEDADES NORTE","Overweight","621","116.00","0.19","2.29","42.36","21.10","23.74","22.23","3.41","8.5931939"
"339","2117","ALAJUELA","ZARCERO","BRISAS","Overweight","102","21.00","0.21","0.85","38.43","22.43","26.34","9.72","3.74","8.044898"
"340","2103","ALAJUELA","SAN CARLOS","BUENAVISTA","Overweight","39","6.00","0.15","0.85","0.00","32.61","31.69","11.96","3.53","6.2169811"
"341","6041","PUNTARENAS","MONTES DE ORO","MIRAMAR","Overweight","701","139.00","0.20","2.00","90.30","20.02","22.48","21.79","3.18","8.8416565"
"342","2108","ALAJUELA","SAN CARLOS","LA TIGRA","Overweight","673","113.00","0.17","2.30","7.15","30.64","28.77","16.41","3.57","6.7920215"
"343","2116","ALAJUELA","ZARCERO","ZAPOTE","Overweight","51","6.00","0.12","1.02","0.00","23.15","27.60","12.81","3.64","7.3007812"
"344","2102","ALAJUELA","SAN CARLOS","FLORENCIA","Overweight","1384","265.00","0.19","2.35","64.60","27.11","26.62","19.92","3.46","7.6376245"
"345","21010","ALAJUELA","SAN CARLOS","VENADO","Overweight","139","32.00","0.23","2.87","0.00","45.77","27.82","12.88","3.37","6.6964286"
"346","2107","ALAJUELA","SAN CARLOS","LA FORTUNA","Overweight","1667","301.00","0.18","2.49","80.79","26.13","29.99","19.24","3.42","7.736891"
"347","6042","PUNTARENAS","MONTES DE ORO","LA UNION","Overweight","52","5.00","0.10","1.48","0.00","41.50","22.50","13.50","3.12","6.7763441"
"348","5073","GUANACASTE","ABANGARES","SAN JUAN","Overweight","111","22.00","0.20","4.87","16.59","50.59","24.79","17.72","3.12","6.3962264"
"349","5083","GUANACASTE","TILARAN","TRONADORA","Overweight","180","37.00","0.21","1.79","16.49","27.53","24.29","17.41","3.19","7.4009009"
"350","2028","ALAJUELA","SAN RAMON","ANGELES","Overweight","587","107.00","0.18","3.93","34.39","29.28","27.29","17.41","3.51","7.4047619"
"351","20213","ALAJUELA","SAN RAMON","PEÑAS BLANCAS","Overweight","1073","213.00","0.20","3.25","18.44","32.04","31.14","16.18","3.60","6.6987461"
"352","5082","GUANACASTE","TILARAN","QUEBRADA GRANDE","Overweight","204","35.00","0.17","2.25","12.33","35.52","24.93","15.45","3.28","6.6351889"
"353","6019","PUNTARENAS","PUNTARENAS","MONTE VERDE","Overweight","166","32.00","0.19","2.91","55.74","22.16","26.79","19.75","3.23","8.2434168"
"354","6017","PUNTARENAS","PUNTARENAS","GUACIMAL","Overweight","80","12.00","0.15","1.19","0.00","49.51","24.38","14.43","3.03","6.6030303"
"355","21012","ALAJUELA","SAN CARLOS","MONTERREY","Overweight","344","66.00","0.19","2.05","0.00","31.93","28.16","14.08","3.63","6.7287145"
"356","60112","PUNTARENAS","PUNTARENAS","CHACARITA","Overweight","1871","321.00","0.17","3.92","100.00","33.77","27.26","25.25","3.44","7.7203652"
"357","6025","PUNTARENAS","ESPARZA","SAN JERONIMO","Overweight","31","7.00","0.23","1.05","0.00","43.80","21.44","13.22","3.06","7.0404412"
"358","6043","PUNTARENAS","MONTES DE ORO","SAN ISIDRO","Overweight","254","44.00","0.17","4.98","40.43","26.54","26.71","19.88","3.43","7.7351263"
"359","6021","PUNTARENAS","ESPARZA","ESPIRITU SANTO","Overweight","1376","243.00","0.18","3.98","92.25","20.77","24.31","24.07","3.37","9.1828618"
"360","6018","PUNTARENAS","PUNTARENAS","BARRANCA","Overweight","2435","451.00","0.19","4.56","95.75","27.96","28.66","26.36","3.57","8.1396249"
"361","60115","PUNTARENAS","PUNTARENAS","EL ROBLE","Overweight","897","166.00","0.19","4.08","100.00","25.21","26.46","27.61","3.47","8.9823024"
"362","6011","PUNTARENAS","PUNTARENAS","PUNTARENAS","Overweight","749","142.00","0.19","3.40","96.74","17.70","18.40","28.10","3.01","10.1874825"
"363","6012","PUNTARENAS","PUNTARENAS","PITAHAYA","Overweight","322","31.00","0.10","2.81","29.58","52.50","31.48","16.91","3.54","6.0286104"
"364","2135","ALAJUELA","UPALA","DELICIAS","Overweight","279","50.00","0.18","1.24","0.00","55.52","33.24","18.60","4.22","6.0406667"
"365","2137","ALAJUELA","UPALA","YOLILLAL","Overweight","279","41.00","0.15","2.70","24.43","49.32","32.10","16.85","4.10","5.8311927"
"366","2131","ALAJUELA","UPALA","UPALA","Overweight","973","176.00","0.18","2.86","37.61","32.58","30.47","21.67","3.62","7.6301557"
"367","5085","GUANACASTE","TILARAN","LIBANO","Overweight","53","4.00","0.08","2.36","0.00","49.62","22.20","11.07","3.30","5.7365079"
"368","6013","PUNTARENAS","PUNTARENAS","CHOMES","Overweight","349","46.00","0.13","4.33","22.94","38.88","28.65","17.85","3.36","6.9812987"
"369","5072","GUANACASTE","ABANGARES","SIERRA","Overweight","160","18.00","0.11","3.20","0.00","41.22","25.90","17.70","3.25","6.8520231"
"370","5087","GUANACASTE","TILARAN","ARENAL","Overweight","231","30.00","0.13","2.86","40.52","24.01","26.00","20.58","3.03","7.7682353"
"371","5084","GUANACASTE","TILARAN","SANTA ROSA","Overweight","138","22.00","0.16","4.01","48.84","31.85","24.47","13.18","3.27","7.5843794"
"372","2151","ALAJUELA","GUATUSO","SAN RAFAEL","Overweight","540","106.00","0.20","3.89","28.85","34.79","30.11","18.89","3.53","7.0441595"
"373","5094","GUANACASTE","NANDAYURE","SAN PABLO","Overweight","187","40.00","0.21","6.89","33.98","32.20","26.69","21.57","3.26","7.369863"
"374","5091","GUANACASTE","NANDAYURE","CARMONA","Overweight","199","43.00","0.22","2.45","53.22","19.97","23.21","23.54","3.25","8.681407"
"375","5081","GUANACASTE","TILARAN","TILARAN","Overweight","722","121.00","0.17","2.94","80.92","19.39","25.62","23.37","3.26","8.8216169"
"376","5065","GUANACASTE","CAÑAS","POROZAL","Overweight","103","20.00","0.19","2.62","0.00","35.08","26.61","13.61","3.50","6.6637555"
"377","5063","GUANACASTE","CAÑAS","SAN MIGUEL","Overweight","127","13.00","0.10","3.83","27.13","32.24","23.84","15.71","3.36","7.0556465"
"378","5061","GUANACASTE","CAÑAS","CAÑAS","Overweight","1998","357.00","0.18","3.13","87.28","25.44","27.72","24.94","3.58","8.3256852"
"379","5064","GUANACASTE","CAÑAS","BEBEDERO","Overweight","257","43.00","0.17","4.21","94.24","41.22","26.78","17.91","3.51","6.7004161"
"380","60113","PUNTARENAS","PUNTARENAS","CHIRA","Overweight","159","32.00","0.20","1.81","0.00","38.96","29.00","16.67","3.55","6.7821229"
"381","6014","PUNTARENAS","PUNTARENAS","LEPANTO","Overweight","771","165.00","0.21","3.77","27.53","33.81","24.54","19.57","3.31","7.3223906"
"382","60111","PUNTARENAS","PUNTARENAS","COBANO","Overweight","688","143.00","0.21","2.80","28.41","33.68","27.38","15.76","3.12","7.9608876"
"383","5024","GUANACASTE","NICOYA","QUEBRADA HONDA","Overweight","176","26.00","0.15","4.31","0.00","29.22","21.60","23.38","3.28","8.2634672"
"384","5086","GUANACASTE","TILARAN","TIERRAS MORENAS","Overweight","114","22.00","0.19","3.64","31.15","33.63","24.82","15.12","3.06","6.4495049"
"385","2153","ALAJUELA","GUATUSO","COTE","Overweight","129","20.00","0.16","2.28","0.00","47.48","25.49","14.03","3.12","5.6470588"
"386","5062","GUANACASTE","CAÑAS","PALMIRA","Overweight","4","1.00","0.25","2.27","37.45","44.00","28.04","12.67","3.29","5.9166667"
"387","5044","GUANACASTE","BAGACES","RIO NARANJO","Overweight","74","15.00","0.20","4.11","0.00","33.23","23.05","21.04","3.09","6.8271605"
"388","2134","ALAJUELA","UPALA","BIJAGUA","Overweight","475","97.00","0.20","1.82","14.41","31.68","27.10","15.66","3.32","6.9486866"
"389","5042","GUANACASTE","BAGACES","LA FORTUNA","Overweight","243","50.00","0.21","1.95","46.77","30.71","25.25","21.97","3.43","7.9990467"
"390","2133","ALAJUELA","UPALA","SAN JOSE O PIZOTE","Overweight","582","102.00","0.18","1.68","5.16","51.63","32.75","16.55","4.05","6.1498973"
"391","2132","ALAJUELA","UPALA","AGUAS CLARAS","Overweight","493","91.00","0.18","3.44","21.02","39.72","29.20","16.45","3.50","6.6300646"
"392","5025","GUANACASTE","NICOYA","SAMARA","Overweight","323","68.00","0.21","2.62","31.69","33.27","25.63","16.26","3.28","7.9444885"
"393","5022","GUANACASTE","NICOYA","MANSION","Overweight","365","53.00","0.15","2.66","18.38","28.40","23.98","23.30","3.36","8.4294013"
"394","5113","GUANACASTE","HOJANCHA","PUERTO CARRILLO","Overweight","115","29.00","0.25","2.97","0.00","35.49","23.70","16.52","3.51","7.425829"
"395","5095","GUANACASTE","NANDAYURE","PORVENIR","Overweight","66","11.00","0.17","2.75","0.00","46.36","20.11","11.82","3.37","6.6776557"
"396","5096","GUANACASTE","NANDAYURE","BEJUCO","Overweight","214","50.00","0.23","3.77","3.21","41.34","25.45","12.41","3.44","6.8307123"
"397","5093","GUANACASTE","NANDAYURE","ZAPOTAL","Overweight","87","12.00","0.14","4.11","0.00","53.99","23.79","17.36","3.35","6.9290618"
"398","5111","GUANACASTE","HOJANCHA","HOJANCHA","Overweight","259","54.00","0.21","1.70","32.91","24.50","23.23","21.69","3.51","8.3544073"
"399","5114","GUANACASTE","HOJANCHA","HUACAS","Overweight","58","13.00","0.22","0.45","0.00","31.98","22.49","17.26","3.59","6.8230769"
"400","5092","GUANACASTE","NANDAYURE","SANTA RITA","Overweight","157","29.00","0.18","8.51","9.27","32.43","25.10","25.85","3.28","7.2401434"
"401","5112","GUANACASTE","HOJANCHA","MONTE ROMO","Overweight","48","11.00","0.23","5.43","52.01","47.34","23.55","13.30","3.57","7.0950413"
"402","5023","GUANACASTE","NICOYA","SAN ANTONIO","Overweight","542","92.00","0.17","3.84","35.31","33.38","20.42","24.00","3.23","7.7827884"
"403","5032","GUANACASTE","SANTA CRUZ","BOLSON","Overweight","128","18.00","0.14","3.72","43.21","38.24","22.31","19.96","3.42","7.5690516"
"404","5027","GUANACASTE","NICOYA","BELEN DE NOSARITA","Overweight","184","27.00","0.15","3.09","0.00","48.92","26.62","17.75","3.64","7.2634731"
"405","5021","GUANACASTE","NICOYA","NICOYA","Overweight","2215","370.00","0.17","4.04","64.92","26.50","23.83","26.34","3.38","9.3151834"
"406","5015","GUANACASTE","LIBERIA","CURUBANDE","Overweight","177","26.00","0.15","2.13","25.68","32.51","27.98","19.22","3.64","7.7860963"
"407","5043","GUANACASTE","BAGACES","MOGOTE","Overweight","363","68.00","0.19","2.73","45.79","31.94","28.58","15.00","3.47","7.9098498"
"408","5011","GUANACASTE","LIBERIA","LIBERIA","Overweight","4983","967.00","0.19","5.07","91.04","25.30","27.55","26.34","3.64","9.2918703"
"409","2136","ALAJUELA","UPALA","DOS RIOS","Overweight","191","36.00","0.19","3.49","14.56","53.03","34.41","14.14","4.03","6.1029703"
"410","5053","GUANACASTE","CARRILLO","SARDINAL","Overweight","1523","247.00","0.16","4.87","58.22","29.98","26.78","18.99","3.37","8.8152878"
"411","5038","GUANACASTE","SANTA CRUZ","CABO VELAS","Overweight","216","40.00","0.19","5.84","35.93","26.03","23.56","16.51","2.94","8.8066512"
"412","5039","GUANACASTE","SANTA CRUZ","TAMARINDO","Overweight","582","103.00","0.18","4.69","49.22","22.17","25.27","18.66","3.02","9.1104553"
"413","5034","GUANACASTE","SANTA CRUZ","TEMPATE","Overweight","413","69.00","0.17","4.46","51.33","29.85","25.28","17.86","3.11","8.6000956"
"414","5035","GUANACASTE","SANTA CRUZ","CARTAGENA","Overweight","370","55.00","0.15","4.06","69.53","23.56","23.12","24.46","3.44","9.2286105"
"415","5036","GUANACASTE","SANTA CRUZ","CUAJINIQUIL","Overweight","130","21.00","0.16","2.15","0.00","41.40","26.94","13.51","3.14","6.9705401"
"416","5033","GUANACASTE","SANTA CRUZ","VEINTISIETE DE ABRIL","Overweight","487","73.00","0.15","5.96","8.75","36.48","24.84","19.95","3.23","7.8442933"
"417","5031","GUANACASTE","SANTA CRUZ","SANTA CRUZ","Overweight","1321","245.00","0.19","3.74","60.83","24.52","24.40","27.09","3.41","9.8509859"
"418","5037","GUANACASTE","SANTA CRUZ","DIRIA","Overweight","264","52.00","0.20","5.68","55.39","29.39","22.56","30.94","3.19","9.3952618"
"419","5026","GUANACASTE","NICOYA","NOSARA","Overweight","616","124.00","0.20","2.98","35.99","37.99","28.42","16.37","3.35","7.4717416"
"420","5103","GUANACASTE","LA CRUZ","LA GARITA","Overweight","200","38.00","0.19","3.34","33.23","47.74","33.89","16.63","4.01","5.5815217"
"421","5102","GUANACASTE","LA CRUZ","SANTA CECILIA","Overweight","687","119.00","0.17","3.17","11.81","54.88","33.94","15.23","4.07","5.8391434"
"422","5101","GUANACASTE","LA CRUZ","LA CRUZ","Overweight","967","142.00","0.15","4.13","52.43","36.72","30.06","23.59","3.83","7.8634246"
"423","5104","GUANACASTE","LA CRUZ","SANTA ELENA","Overweight","187","38.00","0.20","2.76","49.22","47.02","30.15","17.85","3.92","6.3224432"
"424","5013","GUANACASTE","LIBERIA","MAYORGA","Overweight","148","30.00","0.20","5.10","30.08","38.66","29.77","16.95","3.79","7.4727891"
"425","5012","GUANACASTE","LIBERIA","CAÑAS DULCES","Overweight","274","51.00","0.19","3.61","11.52","31.49","25.94","17.45","3.81","7.9210308"
"426","5014","GUANACASTE","LIBERIA","NACASCOLO","Overweight","223","43.00","0.19","3.94","68.34","34.45","30.15","22.67","3.94","8.2961165"
"427","5052","GUANACASTE","CARRILLO","PALMIRA","Overweight","403","71.00","0.18","5.51","83.27","26.35","27.79","20.18","3.84","8.3316953"
"428","5054","GUANACASTE","CARRILLO","BELEN","Overweight","764","137.00","0.18","5.54","55.29","32.90","27.54","22.52","3.71","8.325046"
"429","5051","GUANACASTE","CARRILLO","FILADELFIA","Overweight","209","40.00","0.19","7.57","63.61","31.63","25.02","23.71","3.73","8.6651038"
"430","5041","GUANACASTE","BAGACES","BAGACES","Overweight","1021","155.00","0.15","4.54","50.74","35.21","29.09","22.36","3.47","7.614425"
"431","6016","PUNTARENAS","PUNTARENAS","MANZANILLO","Overweight","477","100.00","0.21","2.43","23.80","45.38","30.10","14.38","3.51","6.6136114"
"432","5071","GUANACASTE","ABANGARES","LAS JUNTAS","Overweight","793","131.00","0.17","4.47","41.42","29.89","25.69","22.88","3.32","7.8798774"
"433","5074","GUANACASTE","ABANGARES","COLORADO","Overweight","454","85.00","0.19","6.56","27.83","30.58","27.66","19.27","3.53","7.2425684"
"434","4103","HEREDIA","SARAPIQUI","LAS HORQUETAS","Overweight","2568","502.00","0.20","2.80","3.97","29.69","29.37","18.72","3.44","7.0708615"
"435","4101","HEREDIA","SARAPIQUI","PUERTO VIEJO","Overweight","2420","459.00","0.19","3.82","35.22","51.40","33.51","17.93","3.69","6.3834244"
"436","4105","HEREDIA","SARAPIQUI","CUREÑA","Overweight","98","19.00","0.19","3.42","0.00","73.95","31.23","7.28","3.64","4.6458333"
"437","4011","HEREDIA","HEREDIA","HEREDIA","Overweight","2149","448.00","0.21","2.99","100.00","9.96","14.05","34.52","2.94","11.4137418"
"438","1085","SAN JOSE","GOICOECHEA","IPIS","Overweight","2022","490.00","0.24","3.49","100.00","14.23","22.20","28.77","3.55","9.1533759"
"439","1111","SAN JOSE","VAZQUEZ DE CORONADO","SAN ISIDRO","Overweight","1154","236.00","0.20","2.55","99.26","10.25","19.77","26.47","3.36","10.7152552"
"440","1086","SAN JOSE","GOICOECHEA","RANCHO REDONDO","Overweight","385","75.00","0.19","4.91","38.42","31.02","25.02","17.77","3.82","7.2737603"
"441","3059","CARTAGO","TURRIALBA","SANTA ROSA","Overweight","356","78.00","0.22","2.40","74.62","14.29","22.19","21.79","3.25","8.2112211"
"442","6034","PUNTARENAS","BUENOS AIRES","BORUCA","Overweight","278","55.00","0.20","3.11","14.77","64.34","31.10","19.31","3.64","6.6397638"
"443","6037","PUNTARENAS","BUENOS AIRES","CHANGUENA","Overweight","154","20.00","0.13","1.87","0.00","74.07","35.58","9.41","4.06","5.2953964"
"444","6101","PUNTARENAS","CORREDORES","CORREDOR","Overweight","1548","345.00","0.22","2.53","64.33","36.13","28.25","21.82","3.41","8.291958"
"445","6081","PUNTARENAS","COTO BRUS","SAN VITO","Overweight","1507","291.00","0.19","2.28","37.14","28.42","28.88","23.87","3.35","7.6529871"
"446","6082","PUNTARENAS","COTO BRUS","SABALITO","Overweight","1270","341.00","0.27","1.60","18.60","34.89","31.41","17.61","3.52","6.810466"
"447","6033","PUNTARENAS","BUENOS AIRES","POTRERO GRANDE","Overweight","550","105.00","0.19","5.76","11.35","71.07","34.82","17.63","3.65","5.8744162"
"448","6084","PUNTARENAS","COTO BRUS","LIMONCITO","Overweight","606","162.00","0.27","1.75","0.00","60.34","36.29","19.94","3.85","6.0110827"
"449","3058","CARTAGO","TURRIALBA","TAYUTIC","Overweight","208","46.00","0.22","2.33","47.77","31.62","27.21","15.10","3.38","7.035503"
"450","30111","CARTAGO","CARTAGO","QUEBRADILLAS","Overweight","561","110.00","0.20","4.46","81.23","28.81","27.58","18.07","3.88","7.4444444"
"451","2141","ALAJUELA","LOS CHILES","LOS CHILES","Overweight","1469","281.00","0.19","4.87","31.53","52.69","33.21","20.11","3.94","6.4075249"
"452","21013","ALAJUELA","SAN CARLOS","POCOSOL","Overweight","1403","256.00","0.18","3.02","23.15","41.67","31.98","15.74","3.80","6.6087457"
"453","2144","ALAJUELA","LOS CHILES","SAN JORGE","Overweight","111","15.00","0.14","4.24","0.00","44.29","28.73","9.77","3.68","6.1789709"
"454","2143","ALAJUELA","LOS CHILES","EL AMPARO","Overweight","505","89.00","0.18","2.36","8.14","48.55","31.02","13.21","3.78","6.0424028"
"455","60114","PUNTARENAS","PUNTARENAS","ACAPULCO","Overweight","122","23.00","0.19","1.94","0.00","25.00","23.38","15.84","3.21","7"
"456","60116","PUNTARENAS","PUNTARENAS","ARANCIBIA","Overweight","73","9.00","0.12","0.50","0.00","40.74","22.71","7.41","3.52","6.2162162"
"457","2063","ALAJUELA","NARANJO","SAN JOSE","Overweight","238","46.00","0.19","2.18","31.06","21.26","23.62","17.84","3.38","8.1608911"
"458","2114","ALAJUELA","ZARCERO","GUADALUPE","Overweight","63","10.00","0.16","1.77","36.15","24.27","25.70","14.24","3.72","7.1534772"
"459","3025","CARTAGO","PARAISO","LLANOS DE SANTA LUCIA","Overweight","1358","263.00","0.19","4.54","99.41","25.22","28.51","25.51","4.03","7.6425151"
"460","3071","CARTAGO","OREAMUNO","SAN RAFAEL","Overweight","2108","429.00","0.20","3.48","96.83","17.70","23.33","23.17","3.75","9.2855448"
"461","2068","ALAJUELA","NARANJO","PALMITOS","Overweight","","","","2.93","7.89","21.21","23.46","20.80","3.53","8.4527393"
"462","2061","ALAJUELA","NARANJO","NARANJO","Overweight","1491","320.00","0.21","2.97","84.48","19.45","22.48","25.67","3.49","8.6641654"
"463","4092","HEREDIA","SAN PABLO","RINCON DE SABANILLA","Overweight","78","12.00","0.15","3.14","100.00","8.03","20.03","25.44","3.28","11.1088571"
"464","4091","HEREDIA","SAN PABLO","SAN PABLO","Overweight","982","210.00","0.21","2.69","100.00","12.71","21.09","23.02","3.40","10.9947223"
"465","4036","HEREDIA","SANTO DOMINGO","SANTA ROSA","Overweight","444","96.00","0.22","3.71","100.00","17.18","21.68","25.36","3.52","9.5890551"
"466","2152","ALAJUELA","GUATUSO","BUENAVISTA","Overweight","752","119.00","0.16","1.48","0.00","42.05","27.78","14.38","3.42","6.5446266"
"467","2154","ALAJUELA","GUATUSO","KATIRA","Overweight","5","1.00","0.20","1.91","7.20","38.35","29.00","16.24","3.38","6.3176936"
"468","2112","ALAJUELA","ZARCERO","LAGUNA","Overweight","122","30.00","0.25","1.20","18.94","23.31","23.12","19.92","3.55","8.5160796"
"469","7021","LIMON","POCOCI","GUAPILES","Overweight","3415","675.00","0.20","3.14","86.59","19.41","26.93","23.47","3.32","8.9064666"
"470","6061","PUNTARENAS","QUEPOS","QUEPOS","Overweight","1455","263.00","0.18","4.25","64.99","27.37","26.09","18.91","3.28","7.9919567"
"471","6015","PUNTARENAS","PUNTARENAS","PAQUERA","Overweight","655","125.00","0.19","2.75","30.17","31.57","27.09","18.75","3.30","7.4094127"
"472","2142","ALAJUELA","LOS CHILES","CAÑO NEGRO","Overweight","120","19.00","0.16","0.36","9.68","45.11","28.15","17.27","3.47","6.1074919"
